<KicadtoNgspice><source><i1 name="Source type">sine<field1 name="Offset Value">0</field1><field2 name="Amplitude">10m</field2><field3 name="Frequency">50</field3><field4 name="Delay Time">0</field4><field5 name="Damping Factor">0</field5></i1><i1 name="Source type">dc<field1 name="Value">10m</field1></i1><i1 name="Source type">ac<field1 name="Amplitude">10</field1><field2 name="Phase">0</field2></i1></source><model><u2 name="type">ic<field1 name="Enter initial voltage at node for u2  net-_c8-pad1_ ic">1</field1></u2><u3 name="type">ic<field2 name="Enter initial voltage at node for u3  net-_c2-pad1_ ic">2</field2></u3><u4 name="type">ic<field3 name="Enter initial voltage at node for u4  net-_c3-pad1_ ic">3</field3></u4><u5 name="type">ic<field4 name="Enter initial voltage at node for u5  net-_c5-pad1_ ic">4</field4></u5><u6 name="type">ic<field5 name="Enter initial voltage at node for u6  net-_c6-pad1_ ic">5</field5></u6><u7 name="type">ic<field6 name="Enter initial voltage at node for u7  net-_c8-pad1_ ic">6</field6></u7><u8 name="type">ic<field7 name="Enter initial voltage at node for u8  net-_c10-pad1_ ic">7</field7></u8><u9 name="type">ic<field8 name="Enter initial voltage at node for u9  out ic">8</field8></u9></model><devicemodel /><subcircuit /><analysis><ac><field1 name="Lin">true</field1><field2 name="Dec">false</field2><field3 name="Oct">false</field3><field4 name="Start Frequency">1</field4><field5 name="Stop Frequency">10000</field5><field6 name="No. of points">1000</field6><field7 name="Start Fre Combo">Hz</field7><field8 name="Stop Fre Combo">Hz</field8></ac><dc><field1 name="Source 1" /><field2 name="Start" /><field3 name="Increment" /><field4 name="Stop" /><field5 name="Operating Point">0</field5><field6 name="Start Combo">Volts or Amperes</field6><field7 name="Increment Combo">Volts or Amperes</field7><field8 name="Stop Combo">Volts or Amperes</field8><field9 name="Source 2" /><field10 name="Start" /><field11 name="Increment" /><field12 name="Stop" /><field13 name="Start Combo">Volts or Amperes</field13><field14 name="Increment Combo">Volts or Amperes</field14><field15 name="Stop Combo">Volts or Amperes</field15></dc><tran><field1 name="Start Time">0</field1><field2 name="Step Time">10</field2><field3 name="Stop Time">100</field3><field4 name="Start Combo">Sec</field4><field5 name="Step Combo">ms</field5><field6 name="Stop Combo">ms</field6></tran></analysis></KicadtoNgspice>