<KicadtoNgspice><source><v2 name="Source type">sine<field1 name="Offset Value">0</field1><field2 name="Amplitude">1</field2><field3 name="Frequency">100</field3><field4 name="Delay Time">0</field4><field5 name="Damping Factor">0</field5></v2><v1 name="Source type">dc<field1 name="Value">0</field1></v1><v3 name="Source type">sine<field1 name="Offset Value">0</field1><field2 name="Amplitude">1</field2><field3 name="Frequency">100</field3><field4 name="Delay Time">0</field4><field5 name="Damping Factor">0</field5></v3><v4 name="Source type">dc<field1 name="Value">5</field1></v4><v5 name="Source type">sine<field1 name="Offset Value">0</field1><field2 name="Amplitude">1</field2><field3 name="Frequency">100</field3><field4 name="Delay Time">0</field4><field5 name="Damping Factor">0</field5></v5><v6 name="Source type">dc<field1 name="Value">20</field1></v6></source><model><u3 name="type">transfo<field1 name="Enter the primary number                     of turns (default=310) " /><field2 name="Enter the H1 array ">120</field2><field3 name="Enter the B1 array ">120</field3><field4 name="Enter iron core area (default=1)" /><field5 name="Enter iron core length                     (default=0.01)" /><field6 name="Enter the secondary number                     of turns (default=620)" /></u3><u6 name="type">transfo<field7 name="Enter the primary number                     of turns (default=310) " /><field8 name="Enter the H1 array ">120</field8><field9 name="Enter the B1 array ">120</field9><field10 name="Enter iron core area (default=1)" /><field11 name="Enter iron core length                     (default=0.01)" /><field12 name="Enter the secondary number                     of turns (default=620)" /></u6><u2 name="type">transfo<field13 name="Enter the primary number                     of turns (default=310) " /><field14 name="Enter the H1 array ">120</field14><field15 name="Enter the B1 array ">120</field15><field16 name="Enter iron core area (default=1)" /><field17 name="Enter iron core length                     (default=0.01)" /><field18 name="Enter the secondary number                     of turns (default=620)" /></u2><u5 name="type">transfo<field19 name="Enter the primary number                     of turns (default=310) " /><field20 name="Enter the H1 array ">120</field20><field21 name="Enter the B1 array ">120</field21><field22 name="Enter iron core area (default=1)" /><field23 name="Enter iron core length                     (default=0.01)" /><field24 name="Enter the secondary number                     of turns (default=620)" /></u5><u1 name="type">transfo<field25 name="Enter the primary number                     of turns (default=310) " /><field26 name="Enter the H1 array ">120</field26><field27 name="Enter the B1 array ">120</field27><field28 name="Enter iron core area (default=1)" /><field29 name="Enter iron core length                     (default=0.01)" /><field30 name="Enter the secondary number                     of turns (default=620)" /></u1><u4 name="type">transfo<field31 name="Enter the primary number                     of turns (default=310) " /><field32 name="Enter the H1 array ">120</field32><field33 name="Enter the B1 array ">120</field33><field34 name="Enter iron core area (default=1)" /><field35 name="Enter iron core length                     (default=0.01)" /><field36 name="Enter the secondary number                     of turns (default=620)" /></u4></model><devicemodel><d9><field>C:/FOSSEE/eSim/library/deviceModelLibrary/Diode/D.lib</field></d9><d3><field>C:/FOSSEE/eSim/library/deviceModelLibrary/Diode/D.lib</field></d3><d11><field>C:/FOSSEE/eSim/library/deviceModelLibrary/Diode/D.lib</field></d11><d5><field>C:/FOSSEE/eSim/library/deviceModelLibrary/Diode/D.lib</field></d5><d6><field>C:/FOSSEE/eSim/library/deviceModelLibrary/Diode/D.lib</field></d6><d7><field>C:/FOSSEE/eSim/library/deviceModelLibrary/Diode/D.lib</field></d7><d8><field>C:/FOSSEE/eSim/library/deviceModelLibrary/Diode/D.lib</field></d8><d12><field>C:/FOSSEE/eSim/library/deviceModelLibrary/Diode/D.lib</field></d12><d10><field>C:/FOSSEE/eSim/library/deviceModelLibrary/Diode/D.lib</field></d10><d1><field>C:/FOSSEE/eSim/library/deviceModelLibrary/Diode/D.lib</field></d1><d4><field>C:/FOSSEE/eSim/library/deviceModelLibrary/Diode/D.lib</field></d4><d2><field>C:/FOSSEE/eSim/library/deviceModelLibrary/Diode/D.lib</field></d2></devicemodel><subcircuit /><analysis><ac><field1 name="Lin">true</field1><field2 name="Dec">false</field2><field3 name="Oct">false</field3><field4 name="Start Frequency" /><field5 name="Stop Frequency" /><field6 name="No. of points" /><field7 name="Start Fre Combo">Hz</field7><field8 name="Stop Fre Combo">Hz</field8></ac><dc><field1 name="Source 1" /><field2 name="Start" /><field3 name="Increment" /><field4 name="Stop" /><field5 name="Operating Point">0</field5><field6 name="Start Combo">Volts or Amperes</field6><field7 name="Increment Combo">Volts or Amperes</field7><field8 name="Stop Combo">Volts or Amperes</field8><field9 name="Source 2" /><field10 name="Start" /><field11 name="Increment" /><field12 name="Stop" /><field13 name="Start Combo">Volts or Amperes</field13><field14 name="Increment Combo">Volts or Amperes</field14><field15 name="Stop Combo">Volts or Amperes</field15></dc><tran><field1 name="Start Time">0</field1><field2 name="Step Time">10</field2><field3 name="Stop Time">100</field3><field4 name="Start Combo">Sec</field4><field5 name="Step Combo">ms</field5><field6 name="Stop Combo">ms</field6></tran></analysis></KicadtoNgspice>