<KicadtoNgspice><source><v1 name="Source type">15</v1><v2 name="Source type">-15</v2><i1 name="Source type">sine(</i1><i2 name="Source type">100u</i2><v3 name="Source type">sine<field1 name="Offset Value">15</field1><field2 name="Amplitude">-15</field2><field3 name="Frequency">0</field3><field4 name="Delay Time">1</field4><field5 name="Damping Factor">1</field5></v3><v1 name="Source type">dc<field1 name="Value">15</field1></v1><v2 name="Source type">dc<field1 name="Value">-15</field1></v2><i1 name="Source type">sine<field1 name="Offset Value">0</field1><field2 name="Amplitude">1</field2><field3 name="Frequency">1</field3><field4 name="Delay Time">0</field4><field5 name="Damping Factor">0</field5></i1><i2 name="Source type">dc<field1 name="Value">100u</field1></i2></source><model /><devicemodel><d1><field>C:/FOSSEE/eSim/library/deviceModelLibrary/Diode/D.lib</field></d1><d6><field>C:/FOSSEE/eSim/library/deviceModelLibrary/Diode/D.lib</field></d6><q2><field>C:/FOSSEE/eSim/library/deviceModelLibrary/Transistor/PNP.lib</field></q2><d7><field>C:/FOSSEE/eSim/library/deviceModelLibrary/Diode/D.lib</field></d7><q6><field>C:/FOSSEE/eSim/library/deviceModelLibrary/Transistor/PNP.lib</field></q6><q4><field>C:/FOSSEE/eSim/library/deviceModelLibrary/Transistor/PNP.lib</field></q4><q5><field>C:/FOSSEE/eSim/library/deviceModelLibrary/Transistor/PNP.lib</field></q5><q7><field>C:/FOSSEE/eSim/library/deviceModelLibrary/Transistor/PNP.lib</field></q7><q1><field>C:/FOSSEE/eSim/library/deviceModelLibrary/Transistor/PNP.lib</field></q1><d4><field>C:/FOSSEE/eSim/library/deviceModelLibrary/Diode/D.lib</field></d4><d2><field>C:/FOSSEE/eSim/library/deviceModelLibrary/Diode/D.lib</field></d2><d5><field>C:/FOSSEE/eSim/library/deviceModelLibrary/Diode/D.lib</field></d5><q3><field>C:/FOSSEE/eSim/library/deviceModelLibrary/Transistor/PNP.lib</field></q3><d3><field>C:/FOSSEE/eSim/library/deviceModelLibrary/Diode/D.lib</field></d3></devicemodel><subcircuit /><analysis><ac><field1 name="Lin">true</field1><field2 name="Dec">false</field2><field3 name="Oct">false</field3><field4 name="Start Frequency" /><field5 name="Stop Frequency" /><field6 name="No. of points" /><field7 name="Start Fre Combo">Hz</field7><field8 name="Stop Fre Combo">Hz</field8></ac><dc><field1 name="Source 1" /><field2 name="Start" /><field3 name="Increment" /><field4 name="Stop" /><field5 name="Operating Point">0</field5><field6 name="Start Combo">Volts or Amperes</field6><field7 name="Increment Combo">Volts or Amperes</field7><field8 name="Stop Combo">Volts or Amperes</field8><field9 name="Source 2" /><field10 name="Start" /><field11 name="Increment" /><field12 name="Stop" /><field13 name="Start Combo">Volts or Amperes</field13><field14 name="Increment Combo">Volts or Amperes</field14><field15 name="Stop Combo">Volts or Amperes</field15></dc><tran><field1 name="Start Time">0</field1><field2 name="Step Time">10</field2><field3 name="Stop Time">100</field3><field4 name="Start Combo">Sec</field4><field5 name="Step Combo">Sec</field5><field6 name="Stop Combo">Sec</field6></tran></analysis></KicadtoNgspice>