<KicadtoNgspice><source><i1 name="Source type">sine<field1 name="Offset Value">0</field1><field2 name="Amplitude">5</field2><field3 name="Frequency">1</field3><field4 name="Delay Time">0</field4><field5 name="Damping Factor">0</field5></i1><i2 name="Source type">sine<field1 name="Offset Value">0</field1><field2 name="Amplitude">2</field2><field3 name="Frequency">1</field3><field4 name="Delay Time">0</field4><field5 name="Damping Factor">0</field5></i2><i3 name="Source type">sine<field1 name="Offset Value">0</field1><field2 name="Amplitude">3</field2><field3 name="Frequency">1</field3><field4 name="Delay Time">0</field4><field5 name="Damping Factor">0</field5></i3><i4 name="Source type">sine<field1 name="Offset Value">0</field1><field2 name="Amplitude">1</field2><field3 name="Frequency">4</field3><field4 name="Delay Time">0</field4><field5 name="Damping Factor">0</field5></i4></source><model /><devicemodel /><subcircuit /><analysis><ac><field1 name="Lin">true</field1><field2 name="Dec">false</field2><field3 name="Oct">false</field3><field4 name="Start Frequency">50</field4><field5 name="Stop Frequency">3</field5><field6 name="No. of points">0.01</field6><field7 name="Start Fre Combo">Hz</field7><field8 name="Stop Fre Combo">KHz</field8></ac><dc><field1 name="Source 1">60</field1><field2 name="Start">0</field2><field3 name="Increment">1</field3><field4 name="Stop">15</field4><field5 name="Operating Point">1</field5><field6 name="Start Combo">Volts or Amperes</field6><field7 name="Increment Combo">Volts or Amperes</field7><field8 name="Stop Combo">Volts or Amperes</field8><field9 name="Source 2">60</field9><field10 name="Start">0</field10><field11 name="Increment">1</field11><field12 name="Stop">15</field12><field13 name="Start Combo">Volts or Amperes</field13><field14 name="Increment Combo">Volts or Amperes</field14><field15 name="Stop Combo">Volts or Amperes</field15></dc><tran><field1 name="Start Time">0</field1><field2 name="Step Time">10</field2><field3 name="Stop Time">100</field3><field4 name="Start Combo">Sec</field4><field5 name="Step Combo">Sec</field5><field6 name="Stop Combo">Sec</field6></tran></analysis></KicadtoNgspice>