<KicadtoNgspice><source><i1 name="Source type">pulse<field1 name="Initial Value">0</field1><field2 name="Pulse Value">5</field2><field3 name="Delay Time">0</field3><field4 name="Rise Time">0</field4><field5 name="Fall Time">0</field5><field5 name="Pulse width">50u</field5><field5 name="Period">10</field5></i1><v2 name="Source type">dc<field1 name="Value">-15</field1></v2><v1 name="Source type">dc<field1 name="Value">15</field1></v1><v3 name="Source type">dc<field1 name="Value">50</field1></v3></source><model /><devicemodel><j2><field>C:/FOSSEE/eSim/library/deviceModelLibrary/JFET/NJF.lib</field></j2><d1><field>C:/FOSSEE/eSim/library/deviceModelLibrary/Diode/D.lib</field></d1><q2><field>C:/FOSSEE/eSim/library/deviceModelLibrary/Transistor/BC547B.lib</field></q2><q10><field>C:/FOSSEE/eSim/library/deviceModelLibrary/Transistor/PNP.lib</field></q10><q3><field>C:/FOSSEE/eSim/library/deviceModelLibrary/Transistor/BC547B.lib</field></q3><q6><field>C:/FOSSEE/eSim/library/deviceModelLibrary/Transistor/BC547B.lib</field></q6><q4><field>C:/FOSSEE/eSim/library/deviceModelLibrary/Transistor/BC547B.lib</field></q4><q7><field>C:/FOSSEE/eSim/library/deviceModelLibrary/Transistor/BC547B.lib</field></q7><q8><field>C:/FOSSEE/eSim/library/deviceModelLibrary/Transistor/PNP.lib</field></q8><d2><field>C:/FOSSEE/eSim/library/deviceModelLibrary/Diode/D.lib</field></d2><q9><field>C:/FOSSEE/eSim/library/deviceModelLibrary/Transistor/BC547B.lib</field></q9><q5><field>C:/FOSSEE/eSim/library/deviceModelLibrary/Transistor/BC547B.lib</field></q5><j3><field>C:/FOSSEE/eSim/library/deviceModelLibrary/JFET/NJF.lib</field></j3><j4><field>C:/FOSSEE/eSim/library/deviceModelLibrary/JFET/NJF.lib</field></j4><j1><field>C:/FOSSEE/eSim/library/deviceModelLibrary/JFET/NJF.lib</field></j1><q1><field>C:/FOSSEE/eSim/library/deviceModelLibrary/Transistor/BC547B.lib</field></q1></devicemodel><subcircuit><x1><field>C:\FOSSEE\eSim\library\SubcircuitLibrary\ua741</field></x1></subcircuit><analysis><ac><field1 name="Lin">true</field1><field2 name="Dec">false</field2><field3 name="Oct">false</field3><field4 name="Start Frequency" /><field5 name="Stop Frequency" /><field6 name="No. of points" /><field7 name="Start Fre Combo">Hz</field7><field8 name="Stop Fre Combo">Hz</field8></ac><dc><field1 name="Source 1" /><field2 name="Start" /><field3 name="Increment" /><field4 name="Stop" /><field5 name="Operating Point">0</field5><field6 name="Start Combo">Volts or Amperes</field6><field7 name="Increment Combo">Volts or Amperes</field7><field8 name="Stop Combo">Volts or Amperes</field8><field9 name="Source 2" /><field10 name="Start" /><field11 name="Increment" /><field12 name="Stop" /><field13 name="Start Combo">Volts or Amperes</field13><field14 name="Increment Combo">Volts or Amperes</field14><field15 name="Stop Combo">Volts or Amperes</field15></dc><tran><field1 name="Start Time">0</field1><field2 name="Step Time">10</field2><field3 name="Stop Time">1000</field3><field4 name="Start Combo">Sec</field4><field5 name="Step Combo">ms</field5><field6 name="Stop Combo">ms</field6></tran></analysis></KicadtoNgspice>