<KicadtoNgspice><source><vin1 name="Source type">pulse<field1 name="Initial Value">0</field1><field2 name="Pulse Value">1</field2><field3 name="Delay Time">0</field3><field4 name="Rise Time">0.1p</field4><field5 name="Fall Time">0.1p</field5><field5 name="Pulse width">5m</field5><field5 name="Period">10m</field5></vin1><vdd1 name="Source type">1</vdd1></source><model /><devicemodel><m1><field>C:/FOSSEE/eSim/library/deviceModelLibrary/MOS/PMOS-0.5um.lib</field><field>1u</field><field>1u</field><field /></m1></devicemodel><subcircuit /><analysis><ac><field1 name="Lin">true</field1><field2 name="Dec">false</field2><field3 name="Oct">false</field3><field4 name="Start Frequency" /><field5 name="Stop Frequency" /><field6 name="No. of points" /><field7 name="Start Fre Combo">Hz</field7><field8 name="Stop Fre Combo">Hz</field8></ac><dc><field1 name="Source 1" /><field2 name="Start" /><field3 name="Increment" /><field4 name="Stop" /><field5 name="Operating Point">0</field5><field6 name="Start Combo">Volts or Amperes</field6><field7 name="Increment Combo">Volts or Amperes</field7><field8 name="Stop Combo">Volts or Amperes</field8><field9 name="Source 2" /><field10 name="Start" /><field11 name="Increment" /><field12 name="Stop" /><field13 name="Start Combo">Volts or Amperes</field13><field14 name="Increment Combo">Volts or Amperes</field14><field15 name="Stop Combo">Volts or Amperes</field15></dc><tran><field1 name="Start Time">0</field1><field2 name="Step Time">10</field2><field3 name="Stop Time">100</field3><field4 name="Start Combo">Sec</field4><field5 name="Step Combo">ms</field5><field6 name="Stop Combo">ms</field6></tran></analysis></KicadtoNgspice>