<KicadtoNgspice><source><v1 name="Source type">sine<field1 name="Offset Value">0</field1><field2 name="Amplitude">5</field2><field3 name="Frequency">50</field3><field4 name="Delay Time">0</field4><field5 name="Damping Factor">0</field5></v1><v2 name="Source type">sine<field1 name="Offset Value">0</field1><field2 name="Amplitude">5</field2><field3 name="Frequency">50</field3><field4 name="Delay Time">0</field4><field5 name="Damping Factor">0</field5></v2><v3 name="Source type">dc<field1 name="Value">50</field1></v3><v4 name="Source type">dc<field1 name="Value">50</field1></v4></source><model /><devicemodel><q4><field>C:/FOSSEE/eSim/library/deviceModelLibrary/Transistor/PNP.lib</field></q4><q6><field>C:/FOSSEE/eSim/library/deviceModelLibrary/Transistor/BC547B.lib</field></q6><q5><field>C:/FOSSEE/eSim/library/deviceModelLibrary/Transistor/BC547B.lib</field></q5><q9><field>C:/FOSSEE/eSim/library/deviceModelLibrary/Transistor/PNP.lib</field></q9><q2><field>C:/FOSSEE/eSim/library/deviceModelLibrary/MOS/PMOS-5um.lib</field></q2><q10><field>C:/FOSSEE/eSim/library/deviceModelLibrary/Transistor/PNP.lib</field></q10><q1><field>C:/FOSSEE/eSim/library/deviceModelLibrary/MOS/NMOS-5um.lib</field></q1><q7><field>C:/FOSSEE/eSim/library/deviceModelLibrary/Transistor/PNP.lib</field></q7><q8><field>C:/FOSSEE/eSim/library/deviceModelLibrary/Transistor/PNP.lib</field></q8><q3><field>C:/FOSSEE/eSim/library/deviceModelLibrary/Transistor/PNP.lib</field></q3></devicemodel><subcircuit /><analysis><ac><field1 name="Lin">false</field1><field2 name="Dec">false</field2><field3 name="Oct">true</field3><field4 name="Start Frequency">50</field4><field5 name="Stop Frequency">10</field5><field6 name="No. of points">1M</field6><field7 name="Start Fre Combo">Hz</field7><field8 name="Stop Fre Combo">Meg</field8></ac><dc><field1 name="Source 1" /><field2 name="Start" /><field3 name="Increment" /><field4 name="Stop" /><field5 name="Operating Point">0</field5><field6 name="Start Combo">Volts or Amperes</field6><field7 name="Increment Combo">Volts or Amperes</field7><field8 name="Stop Combo">Volts or Amperes</field8><field9 name="Source 2" /><field10 name="Start" /><field11 name="Increment" /><field12 name="Stop" /><field13 name="Start Combo">Volts or Amperes</field13><field14 name="Increment Combo">Volts or Amperes</field14><field15 name="Stop Combo">Volts or Amperes</field15></dc><tran><field1 name="Start Time">0</field1><field2 name="Step Time">10</field2><field3 name="Stop Time">1000</field3><field4 name="Start Combo">Sec</field4><field5 name="Step Combo">ms</field5><field6 name="Stop Combo">ms</field6></tran></analysis></KicadtoNgspice>