<KicadtoNgspice><source><v1 name="Source type">dc<field1 name="Value">10</field1></v1></source><model /><devicemodel><q18><field>C:/FOSSEE/eSim/library/deviceModelLibrary/Transistor/NPN.lib</field></q18><q15><field>C:/FOSSEE/eSim/library/deviceModelLibrary/Transistor/PNP.lib</field></q15><q19><field>C:/FOSSEE/eSim/library/deviceModelLibrary/Transistor/NPN.lib</field></q19><q2><field>C:/FOSSEE/eSim/library/deviceModelLibrary/Transistor/PNP.lib</field></q2><q10><field>C:/FOSSEE/eSim/library/deviceModelLibrary/Transistor/PNP.lib</field></q10><q7><field>C:/FOSSEE/eSim/library/deviceModelLibrary/Transistor/NPN.lib</field></q7><q14><field>C:/FOSSEE/eSim/library/deviceModelLibrary/Transistor/NPN.lib</field></q14><q1><field>C:/FOSSEE/eSim/library/deviceModelLibrary/Transistor/PNP.lib</field></q1><q3><field>C:/FOSSEE/eSim/library/deviceModelLibrary/Transistor/NPN.lib</field></q3><q12><field>C:/FOSSEE/eSim/library/deviceModelLibrary/Transistor/NPN.lib</field></q12><q4><field>C:/FOSSEE/eSim/library/deviceModelLibrary/Transistor/NPN.lib</field></q4><q17><field>C:/FOSSEE/eSim/library/deviceModelLibrary/Transistor/NPN.lib</field></q17><q5><field>C:/FOSSEE/eSim/library/deviceModelLibrary/Transistor/PNP.lib</field></q5><q9><field>C:/FOSSEE/eSim/library/deviceModelLibrary/Transistor/NPN.lib</field></q9><q13><field>C:/FOSSEE/eSim/library/deviceModelLibrary/Transistor/NPN.lib</field></q13><q16><field>C:/FOSSEE/eSim/library/deviceModelLibrary/Transistor/PNP.lib</field></q16><q6><field>C:/FOSSEE/eSim/library/deviceModelLibrary/Transistor/PNP.lib</field></q6><q8><field>C:/FOSSEE/eSim/library/deviceModelLibrary/Transistor/NPN.lib</field></q8><q11><field>C:/FOSSEE/eSim/library/deviceModelLibrary/Transistor/PNP.lib</field></q11></devicemodel><subcircuit /><analysis><ac><field1 name="Lin">true</field1><field2 name="Dec">false</field2><field3 name="Oct">false</field3><field4 name="Start Frequency" /><field5 name="Stop Frequency" /><field6 name="No. of points" /><field7 name="Start Fre Combo">Hz</field7><field8 name="Stop Fre Combo">Hz</field8></ac><dc><field1 name="Source 1" /><field2 name="Start" /><field3 name="Increment" /><field4 name="Stop" /><field5 name="Operating Point">0</field5><field6 name="Start Combo">Volts or Amperes</field6><field7 name="Increment Combo">Volts or Amperes</field7><field8 name="Stop Combo">Volts or Amperes</field8><field9 name="Source 2" /><field10 name="Start" /><field11 name="Increment" /><field12 name="Stop" /><field13 name="Start Combo">Volts or Amperes</field13><field14 name="Increment Combo">Volts or Amperes</field14><field15 name="Stop Combo">Volts or Amperes</field15></dc><tran><field1 name="Start Time">0</field1><field2 name="Step Time">10</field2><field3 name="Stop Time">1000</field3><field4 name="Start Combo">ms</field4><field5 name="Step Combo">Sec</field5><field6 name="Stop Combo">ms</field6></tran></analysis></KicadtoNgspice>