<KicadtoNgspice><source><v2 name="Source type">dc<field1 name="Value">10</field1></v2><v1 name="Source type">dc<field1 name="Value">10</field1></v1></source><model /><devicemodel /><subcircuit /><analysis><ac><field1 name="Lin">true</field1><field2 name="Dec">false</field2><field3 name="Oct">false</field3><field4 name="Start Frequency" /><field5 name="Stop Frequency" /><field6 name="No. of points" /><field7 name="Start Fre Combo">Hz</field7><field8 name="Stop Fre Combo">Hz</field8></ac><dc><field1 name="Source 1">0</field1><field2 name="Start">0</field2><field3 name="Increment">1m</field3><field4 name="Stop">25</field4><field5 name="Operating Point">1</field5><field6 name="Start Combo">Volts or Amperes</field6><field7 name="Increment Combo">Volts or Amperes</field7><field8 name="Stop Combo">Volts or Amperes</field8><field9 name="Source 2">0</field9><field10 name="Start">0</field10><field11 name="Increment">5</field11><field12 name="Stop">20</field12><field13 name="Start Combo">Volts or Amperes</field13><field14 name="Increment Combo">uV or uA</field14><field15 name="Stop Combo">Volts or Amperes</field15></dc><tran><field1 name="Start Time">0</field1><field2 name="Step Time">10</field2><field3 name="Stop Time">1000</field3><field4 name="Start Combo">Sec</field4><field5 name="Step Combo">ms</field5><field6 name="Stop Combo">ms</field6></tran></analysis></KicadtoNgspice>