<KicadtoNgspice><source><v1 name="Source type">dc<field1 name="Value">0</field1></v1><v2 name="Source type">dc<field1 name="Value">0</field1></v2></source><model><u1 name="type">aswitch<field1 name="Enter Log (default=TRUE)" /><field2 name="Enter Control OFF value (default=0.0)" /><field3 name="Enter OFF Resistance (default=1.0e12)" /><field4 name="Enter ON Resistance (default=1.0)" /><field5 name="Enter Control ON value(default=1.0)" /></u1></model><devicemodel><d1><field>/opt/eSim/src/deviceModelLibrary/Diode/PowerDiode.lib</field></d1></devicemodel><subcircuit /><analysis><ac><field1 name="Lin">true</field1><field2 name="Dec">false</field2><field3 name="Oct">false</field3><field4 name="Start Frequency" /><field5 name="Stop Frequency" /><field6 name="No. of points" /><field7 name="Start Fre Combo">Hz</field7><field8 name="Stop Fre Combo">Hz</field8></ac><dc><field1 name="Source Name" /><field2 name="Start" /><field3 name="Increment" /><field4 name="Stop" /><field5 name="Operating Point">0</field5><field6 name="Start Combo">Volts or Amperes</field6><field7 name="Increment Combo">Volts or Amperes</field7><field8 name="Stop Combo">Volts or Amperes</field8></dc><tran><field1 name="Start Time" /><field2 name="Step Time" /><field3 name="Stop Time" /><field4 name="Start Combo">Sec</field4><field5 name="Step Combo">ps</field5><field6 name="Stop Combo">Sec</field6></tran></analysis></KicadtoNgspice>