<KicadtoNgspice><source><v2 name="Source type">dc<field1 name="Value">15</field1></v2><v1 name="Source type">pulse<field1 name="Initial Value">0</field1><field2 name="Pulse Value">15</field2><field3 name="Delay Time">5</field3><field4 name="Rise Time">0.1m</field4><field5 name="Fall Time">0.1m</field5><field5 name="Pulse width">2</field5><field5 name="Period">4</field5></v1></source><model /><devicemodel><q31><field>C:/FOSSEE/eSim/library/deviceModelLibrary/Transistor/NPN.lib</field></q31><q7><field>C:/FOSSEE/eSim/library/deviceModelLibrary/Transistor/PNP.lib</field></q7><q6><field>C:/FOSSEE/eSim/library/deviceModelLibrary/Transistor/PNP.lib</field></q6><q3><field>C:/FOSSEE/eSim/library/deviceModelLibrary/Transistor/NPN.lib</field></q3><q2><field>C:/FOSSEE/eSim/library/deviceModelLibrary/Transistor/NPN.lib</field></q2><q21><field>C:/FOSSEE/eSim/library/deviceModelLibrary/Transistor/NPN.lib</field></q21><q10><field>C:/FOSSEE/eSim/library/deviceModelLibrary/Transistor/PNP.lib</field></q10><q12><field>C:/FOSSEE/eSim/library/deviceModelLibrary/Transistor/PNP.lib</field></q12><q17><field>C:/FOSSEE/eSim/library/deviceModelLibrary/Transistor/NPN.lib</field></q17><q18><field>C:/FOSSEE/eSim/library/deviceModelLibrary/Transistor/NPN.lib</field></q18><q30><field>C:/FOSSEE/eSim/library/deviceModelLibrary/Transistor/NPN.lib</field></q30><q25><field>C:/FOSSEE/eSim/library/deviceModelLibrary/Transistor/PNP.lib</field></q25><q4><field>C:/FOSSEE/eSim/library/deviceModelLibrary/Transistor/NPN.lib</field></q4><q23><field>C:/FOSSEE/eSim/library/deviceModelLibrary/Transistor/PNP.lib</field></q23><q19><field>C:/FOSSEE/eSim/library/deviceModelLibrary/Transistor/NPN.lib</field></q19><q28><field>C:/FOSSEE/eSim/library/deviceModelLibrary/Transistor/NPN.lib</field></q28><q20><field>C:/FOSSEE/eSim/library/deviceModelLibrary/Transistor/NPN.lib</field></q20><q5><field>C:/FOSSEE/eSim/library/deviceModelLibrary/Transistor/PNP.lib</field></q5><q16><field>C:/FOSSEE/eSim/library/deviceModelLibrary/Transistor/NPN.lib</field></q16><q1><field>C:/FOSSEE/eSim/library/deviceModelLibrary/Transistor/NPN.lib</field></q1><q27><field>C:/FOSSEE/eSim/library/deviceModelLibrary/Transistor/NPN.lib</field></q27><q15><field>C:/FOSSEE/eSim/library/deviceModelLibrary/Transistor/NPN.lib</field></q15><q29><field>C:/FOSSEE/eSim/library/deviceModelLibrary/Transistor/NPN.lib</field></q29><q9><field>C:/FOSSEE/eSim/library/deviceModelLibrary/Transistor/PNP.lib</field></q9><q26><field>C:/FOSSEE/eSim/library/deviceModelLibrary/Transistor/PNP.lib</field></q26><q32><field>C:/FOSSEE/eSim/library/deviceModelLibrary/Transistor/PNP.lib</field></q32><q13><field>C:/FOSSEE/eSim/library/deviceModelLibrary/Transistor/PNP.lib</field></q13><q24><field>C:/FOSSEE/eSim/library/deviceModelLibrary/Transistor/PNP.lib</field></q24><q11><field>C:/FOSSEE/eSim/library/deviceModelLibrary/Transistor/PNP.lib</field></q11><q8><field>C:/FOSSEE/eSim/library/deviceModelLibrary/Transistor/PNP.lib</field></q8><q22><field>C:/FOSSEE/eSim/library/deviceModelLibrary/Transistor/NPN.lib</field></q22><q14><field>C:/FOSSEE/eSim/library/deviceModelLibrary/Transistor/NPN.lib</field></q14></devicemodel><subcircuit /><analysis><ac><field1 name="Lin">true</field1><field2 name="Dec">false</field2><field3 name="Oct">false</field3><field4 name="Start Frequency" /><field5 name="Stop Frequency" /><field6 name="No. of points" /><field7 name="Start Fre Combo">Hz</field7><field8 name="Stop Fre Combo">Hz</field8></ac><dc><field1 name="Source 1" /><field2 name="Start" /><field3 name="Increment" /><field4 name="Stop" /><field5 name="Operating Point">0</field5><field6 name="Start Combo">Volts or Amperes</field6><field7 name="Increment Combo">Volts or Amperes</field7><field8 name="Stop Combo">Volts or Amperes</field8><field9 name="Source 2" /><field10 name="Start" /><field11 name="Increment" /><field12 name="Stop" /><field13 name="Start Combo">Volts or Amperes</field13><field14 name="Increment Combo">Volts or Amperes</field14><field15 name="Stop Combo">Volts or Amperes</field15></dc><tran><field1 name="Start Time">0</field1><field2 name="Step Time">10</field2><field3 name="Stop Time">100</field3><field4 name="Start Combo">Sec</field4><field5 name="Step Combo">Sec</field5><field6 name="Stop Combo">Sec</field6></tran></analysis></KicadtoNgspice>